State,EST_ST,WEEK,count,anxiety_percentage,depression_percentage
Alabama,1,1,987,18.689969604863222,16.15400202634245
Alabama,1,2,582,31.695876288659793,27.395189003436425
Alabama,1,3,1947,9.474576271186441,8.189008731381612
Alabama,1,4,1662,11.09927797833935,9.593261131167269
Alabama,1,5,1756,10.50512528473804,9.079726651480637
Alabama,1,6,1296,14.233796296296296,12.302469135802468
Alabama,1,7,1102,16.73956442831216,14.468239564428313
Alabama,1,8,1566,11.779693486590038,10.181353767560664
Alabama,1,9,1633,11.296387017758727,9.763625229638702
Alabama,1,10,1480,12.46418918918919,10.772972972972973
Alabama,1,11,1483,12.438975050573163,10.75118004045853
Alabama,1,12,1496,12.330882352941176,10.657754010695188
Alabama,1,13,1542,11.963035019455253,10.33981841763943
Alabama,1,14,1550,11.901290322580644,10.286451612903226
Alabama,1,15,1408,13.1015625,11.323863636363637
Alabama,1,16,1304,14.146472392638037,12.226993865030675
Alabama,1,17,1139,16.195785776997365,13.998244073748902
Alabama,1,18,1476,12.497967479674797,10.802168021680217
Alabama,1,19,1652,11.166464891041162,9.65133171912833
Alabama,1,20,1768,10.433823529411764,9.018099547511312
Alabama,1,21,1880,9.812234042553191,8.480851063829787
Alabama,1,22,1724,10.700116009280743,9.248259860788863
Alabama,1,23,1974,9.344984802431611,8.077001013171225
Alabama,1,24,1830,10.080327868852459,8.71256830601093
Alabama,1,25,2016,9.150297619047619,7.908730158730159
Alabama,1,26,1954,9.440634595701125,8.159672466734904
Alabama,1,27,1984,9.29788306451613,8.036290322580646
Alaska,2,1,1823,14.184311574328031,11.975863960504663
Alaska,2,2,806,32.0818858560794,27.086848635235732
Alaska,2,3,2371,10.90594685786588,9.207929143821172
Alaska,2,4,1425,18.1459649122807,15.320701754385965
Alaska,2,5,1507,17.158593231585932,14.487060384870604
Alaska,2,6,1212,21.334983498349835,18.013201320132012
Alaska,2,7,790,32.731645569620255,27.635443037974685
Alaska,2,8,1954,13.233367451381781,11.172978505629478
Alaska,2,9,1457,17.74742621825669,14.984214138641043
Alaska,2,10,1278,20.233176838810643,17.082942097026603
Alaska,2,11,1171,22.08198121263877,18.643894107600342
Alaska,2,12,1012,25.551383399209485,21.57312252964427
Alaska,2,13,2141,12.07753386268099,10.19710415693601
Alaska,2,14,2112,12.243371212121213,10.337121212121213
Alaska,2,15,1959,13.199591628381828,11.144461459928534
Alaska,2,16,1925,13.432727272727274,11.341298701298701
Alaska,2,17,1769,14.617297908422838,12.34143583945732
Alaska,2,18,2698,9.584136397331356,8.091919940696812
Alaska,2,19,3434,7.529994175888177,6.357600465928946
Alaska,2,20,3394,7.618738951090159,6.432527990571597
Alaska,2,21,3032,8.528364116094988,7.200527704485488
Alaska,2,22,2756,9.382438316400581,7.921625544267053
Alaska,2,23,3114,8.30378933847142,7.01091843288375
Alaska,2,24,2906,8.898141775636613,7.512732278045423
Alaska,2,25,3136,8.245535714285714,6.961734693877551
Alaska,2,26,2888,8.953601108033242,7.5595567867036015
Alaska,2,27,2950,8.765423728813559,7.400677966101695
Arizona,4,1,1922,18.72684703433923,15.989594172736732
Arizona,4,2,1046,34.410133843212236,29.380497131931165
Arizona,4,3,3312,10.867451690821255,9.278985507246377
Arizona,4,4,2478,14.525020177562551,12.401937046004843
Arizona,4,5,2697,13.345569150908418,11.39488320355951
Arizona,4,6,2116,17.00992438563327,14.523629489603024
Arizona,4,7,1995,18.04160401002506,15.40451127819549
Arizona,4,8,3154,11.411857958148383,9.743817374762207
Arizona,4,9,2388,15.072445561139029,12.869346733668342
Arizona,4,10,2318,15.527610008628129,13.257981018119068
Arizona,4,11,2310,15.581385281385282,13.303896103896104
Arizona,4,12,2000,17.9965,15.366
Arizona,4,13,2758,13.050398839738941,11.142857142857142
Arizona,4,14,2787,12.914603516325798,11.026910656620021
Arizona,4,15,2613,13.774588595484119,11.761194029850746
Arizona,4,16,2446,14.715044971381849,12.564186426819298
Arizona,4,17,2175,16.548505747126438,14.129655172413793
Arizona,4,18,3134,11.48468410976388,9.805998723675813
Arizona,4,19,3716,9.685952637244348,8.270182992465017
Arizona,4,20,3884,9.266992790937179,7.912461380020598
Arizona,4,21,3926,9.167855323484462,7.827814569536423
Arizona,4,22,3810,9.446981627296587,8.066141732283464
Arizona,4,23,4478,8.037740062527915,6.86288521661456
Arizona,4,24,3894,9.243194658448896,7.892141756548536
Arizona,4,25,3944,9.126014198782961,7.792089249492901
Arizona,4,26,4064,8.856545275590552,7.562007874015748
Arizona,4,27,4112,8.753161478599221,7.473735408560311
Arkansas,5,1,890,21.297752808988765,18.1438202247191
Arkansas,5,2,567,33.430335097001766,28.479717813051145
Arkansas,5,3,1822,10.403402854006586,8.862788144895719
Arkansas,5,4,1551,12.221147646679562,10.411347517730496
Arkansas,5,5,1636,11.586185819070904,9.87041564792176
Arkansas,5,6,1299,14.591993841416475,12.431100846805235
Arkansas,5,7,1123,16.878895814781835,14.379341050756901
Arkansas,5,8,1546,12.260672703751617,10.445019404915913
Arkansas,5,9,1599,11.85428392745466,10.098811757348344
Arkansas,5,10,1424,13.311095505617978,11.339887640449438
Arkansas,5,11,1457,13.009608785175017,11.083047357584077
Arkansas,5,12,1403,13.510334996436208,11.509622238061297
Arkansas,5,13,1486,12.7557200538358,10.866756393001346
Arkansas,5,14,1452,13.054407713498623,11.121212121212121
Arkansas,5,15,1295,14.637065637065637,12.46949806949807
Arkansas,5,16,1299,14.591993841416475,12.431100846805235
Arkansas,5,17,1150,16.482608695652175,14.041739130434783
Arkansas,5,18,1488,12.738575268817204,10.852150537634408
Arkansas,5,19,1800,10.530555555555555,8.971111111111112
Arkansas,5,20,1958,9.680796731358528,8.247191011235955
Arkansas,5,21,1690,11.215976331360947,9.555029585798817
Arkansas,5,22,1852,10.23488120950324,8.719222462203025
Arkansas,5,23,2182,8.686984417965169,7.4005499541704856
Arkansas,5,24,1948,9.730492813141684,8.289527720739219
Arkansas,5,25,1956,9.690695296523517,8.25562372188139
Arkansas,5,26,1822,10.403402854006586,8.862788144895719
Arkansas,5,27,1814,10.44928335170893,8.901874310915105
California,6,1,4772,23.875523889354568,20.073973176865046
California,6,2,2896,39.341850828729285,33.07769337016575
California,6,3,9661,11.793189110858089,9.9154331849705
California,6,4,7157,15.919239904988123,13.384518653066927
California,6,5,7664,14.866127348643007,12.499086638830898
California,6,6,5666,20.108365690081186,16.906636074832335
California,6,7,5254,21.68519223448801,18.232394366197184
California,6,8,7915,14.394693619709413,12.10271636133923
California,6,9,6939,16.41936878512754,13.805015131863382
California,6,10,6681,17.053435114503817,14.338123035473732
California,6,11,6685,17.043231114435304,14.329543754674646
California,6,12,6521,17.47186014414967,14.68992485815059
California,6,13,8615,13.225072547881602,11.119326755658735
California,6,14,8581,13.277473487938469,11.163384220953269
California,6,15,7507,15.177034767550287,12.760490209138137
California,6,16,7073,16.108299165841935,13.543475187332108
California,6,17,6395,17.816106333072714,14.979358874120406
California,6,18,8120,14.03128078817734,11.79716748768473
California,6,19,10116,11.262752075919336,9.469454329774614
California,6,20,10668,10.679977502812148,8.979471316085489
California,6,21,11190,10.18176943699732,8.56058981233244
California,6,22,11054,10.3070381762258,8.665912791749593
California,6,23,12834,8.877512856474988,7.4640018700327255
California,6,24,12024,9.475548902195609,7.966816367265469
California,6,25,12308,9.256906077348066,7.782986675333117
California,6,26,12362,9.216469826888853,7.748988836757806
California,6,27,11862,9.604957005563985,8.075619625695499
Colorado,8,1,1772,19.87076749435666,16.310383747178328
Colorado,8,2,963,36.56386292834891,30.01246105919003
Colorado,8,3,3206,10.982844666250779,9.014971927635683
Colorado,8,4,2159,16.308939323761,13.386753126447429
Colorado,8,5,2240,15.71919642857143,12.902678571428572
Colorado,8,6,1673,21.046622833233712,17.27555289898386
Colorado,8,7,1458,24.150205761316872,19.82304526748971
Colorado,8,8,2435,14.460369609856263,11.869404517453798
Colorado,8,9,1958,17.98314606741573,14.760980592441266
Colorado,8,10,1904,18.493172268907564,15.179621848739496
Colorado,8,11,1835,19.188555858310625,15.75040871934605
Colorado,8,12,1823,19.31486560614372,15.854086670323642
Colorado,8,13,2690,13.089591078066915,10.744237918215614
Colorado,8,14,2763,12.743756786102063,10.460369163952226
Colorado,8,15,2603,13.527084133691893,11.103342297349213
Colorado,8,16,2452,14.360114192495923,11.78711256117455
Colorado,8,17,2434,14.466310599835662,11.874281018898932
Colorado,8,18,3252,10.82749077490775,8.887453874538746
Colorado,8,19,4058,8.676934450468211,7.122227698373583
Colorado,8,20,4070,8.651351351351352,7.101228501228501
Colorado,8,21,3914,8.996167603474706,7.384261624936126
Colorado,8,22,3322,10.599337748344372,8.700180614087898
Colorado,8,23,3918,8.986983154670751,7.376722817764166
Colorado,8,24,3920,8.982397959183674,7.372959183673469
Colorado,8,25,3844,9.159989594172737,7.5187304890738815
Colorado,8,26,3802,9.261178327196212,7.601788532351394
Colorado,8,27,3742,9.409673971138428,7.72367717797969
Connecticut,9,1,1049,22.102955195424215,17.802669208770258
Connecticut,9,2,662,35.02416918429003,28.209969788519636
Connecticut,9,3,2380,9.742016806722688,7.8466386554621845
Connecticut,9,4,1757,13.196357427433124,10.628912919749574
Connecticut,9,5,1640,14.137804878048781,11.387195121951219
Connecticut,9,6,1199,19.337781484570474,15.575479566305255
Connecticut,9,7,1302,17.807987711213517,14.34331797235023
Connecticut,9,8,1766,13.129105322763307,10.574745186862968
Connecticut,9,9,1660,13.967469879518072,11.25
Connecticut,9,10,1416,16.374293785310734,13.188559322033898
Connecticut,9,11,1530,15.154248366013071,12.205882352941176
Connecticut,9,12,1382,16.77713458755427,13.51302460202605
Connecticut,9,13,1970,11.769543147208122,9.47969543147208
Connecticut,9,14,1961,11.82355940846507,9.52320244773075
Connecticut,9,15,1836,12.628540305010894,10.17156862745098
Connecticut,9,16,1763,13.151446398184913,10.592739648326717
Connecticut,9,17,1599,14.500312695434646,11.679174484052533
Connecticut,9,18,1976,11.733805668016194,9.45091093117409
Connecticut,9,19,2388,9.709380234505863,7.8203517587939695
Connecticut,9,20,2336,9.925513698630137,7.9944349315068495
Connecticut,9,21,2288,10.133741258741258,8.16215034965035
Connecticut,9,22,2332,9.94253859348199,8.008147512864493
Connecticut,9,23,2730,8.493040293040293,6.84065934065934
Connecticut,9,24,2606,8.897160399079048,7.16615502686109
Connecticut,9,25,2754,8.419026870007261,6.781045751633987
Connecticut,9,26,2728,8.499266862170089,6.845674486803519
Connecticut,9,27,2564,9.042901716068643,7.283541341653666
Delaware,10,1,1265,13.72490118577075,11.348616600790514
Delaware,10,2,695,24.981294964028777,20.65611510791367
Delaware,10,3,2157,8.049142327306445,6.65554010199351
Delaware,10,4,1614,10.757125154894672,8.894671623296158
Delaware,10,5,1441,12.048577376821651,9.962526023594727
Delaware,10,6,1099,15.797998180163786,13.062784349408552
Delaware,10,7,1153,15.058109280138769,12.450997398091934
Delaware,10,8,1495,11.613377926421405,9.602675585284281
Delaware,10,9,1453,11.949070887818307,9.880247763248452
Delaware,10,10,1249,13.900720576461168,11.493995196156925
Delaware,10,11,1359,12.775570272259014,10.56364974245769
Delaware,10,12,1253,13.85634477254589,11.457302474062251
Delaware,10,13,1291,13.44848954298993,11.12006196746708
Delaware,10,14,1319,13.16300227445034,10.884003032600456
Delaware,10,15,1160,14.967241379310344,12.375862068965517
Delaware,10,16,1184,14.66385135135135,12.125
Delaware,10,17,1079,16.09082483781279,13.304911955514365
Delaware,10,18,1374,12.636098981077147,10.448326055312954
Delaware,10,19,1766,9.831257078142695,8.129105322763307
Delaware,10,20,1684,10.309976247030878,8.524940617577197
Delaware,10,21,1752,9.909817351598173,8.19406392694064
Delaware,10,22,1716,10.117715617715618,8.365967365967366
Delaware,10,23,2074,8.371263259402122,6.921890067502411
Delaware,10,24,1982,8.759838546922301,7.243188698284561
Delaware,10,25,2122,8.181903864278983,6.765315739868049
Delaware,10,26,1994,8.707121364092277,7.199598796389168
Delaware,10,27,1976,8.786437246963562,7.265182186234818
Florida,12,1,2651,19.646925688419465,16.330064126744624
Florida,12,2,1654,31.489721886336156,26.173518742442564
Florida,12,3,4992,10.43349358974359,8.672075320512821
Florida,12,4,3917,13.296910901199897,11.052080673985193
Florida,12,5,4449,11.70690042706226,9.730501236232861
Florida,12,6,3421,15.224788073662673,12.654486992107572
Florida,12,7,3251,16.020916641033526,13.316210396800985
Florida,12,8,4163,12.511169829449916,10.398991112178717
Florida,12,9,4347,11.981596503335634,9.95882217621348
Florida,12,10,3854,13.514270887389724,11.232745199792424
Florida,12,11,3962,13.145885916203937,10.926552246340233
Florida,12,12,3642,14.300933552992861,11.886600768808346
Florida,12,13,3794,13.727991565629942,11.410384818133895
Florida,12,14,3709,14.042599083310865,11.671879212725802
Florida,12,15,3294,15.811778992106861,13.142380085003035
Florida,12,16,3058,17.032047089601047,14.156638325703074
Florida,12,17,2781,18.72851492268968,15.566702624955052
Florida,12,18,3872,13.451446280991735,11.180526859504132
Florida,12,19,4454,11.693758419398293,9.719577907498877
Florida,12,20,4720,11.034745762711864,9.171822033898305
Florida,12,21,4680,11.129059829059829,9.250213675213676
Florida,12,22,4798,10.855356398499374,9.022717799082951
Florida,12,23,5708,9.124737210932025,7.58426769446391
Florida,12,24,5628,9.254442075337598,7.692075337597726
Florida,12,25,5590,9.317352415026834,7.744364937388193
Florida,12,26,5604,9.294075660242683,7.725017844396859
Florida,12,27,5670,9.185890652557319,7.635097001763668
Georgia,13,1,1778,17.442632170978627,14.607424071991002
Georgia,13,2,999,31.044044044044043,25.997997997998
Georgia,13,3,3079,10.072426112374147,8.435206235790842
Georgia,13,4,2449,12.663536137198857,10.605144957125358
Georgia,13,5,2755,11.256987295825772,9.427223230490018
Georgia,13,6,2056,15.084143968871595,12.632295719844358
Georgia,13,7,1947,15.928608115048792,13.33949666153056
Georgia,13,8,2610,11.882375478927203,9.95095785440613
Georgia,13,9,2505,12.380439121756487,10.368063872255489
Georgia,13,10,2266,13.686231244483672,11.461606354810238
Georgia,13,11,2276,13.62609841827768,11.411247803163445
Georgia,13,12,2194,14.135369188696444,11.837739288969917
Georgia,13,13,2624,11.818978658536585,9.897865853658537
Georgia,13,14,2501,12.400239904038385,10.384646141543383
Georgia,13,15,2246,13.808103294746216,11.563668744434551
Georgia,13,16,2071,14.974891356832448,12.540801545147271
Georgia,13,17,1786,17.364501679731244,14.541993281075028
Georgia,13,18,2352,13.185799319727892,11.04251700680272
Georgia,13,19,2866,10.821004884856944,9.062107466852757
Georgia,13,20,2748,11.28566229985444,9.451237263464337
Georgia,13,21,2682,11.56338553318419,9.683818046234153
Georgia,13,22,3020,10.269205298013246,8.6
Georgia,13,23,3462,8.958116695551704,7.502021952628539
Georgia,13,24,3508,8.840649942987458,7.403648802736602
Georgia,13,25,3468,8.942618223760093,7.489042675893887
Georgia,13,26,3346,9.268679019725045,7.762104004781829
Georgia,13,27,3438,9.02065154159395,7.554392088423502
Hawaii,15,1,857,19.757292882147024,16.444574095682615
Hawaii,15,2,605,27.986776859504133,23.29421487603306
Hawaii,15,3,1980,8.55151515151515,7.117676767676768
Hawaii,15,4,1581,10.709677419354838,8.913978494623656
Hawaii,15,5,1494,11.333333333333334,9.433065595716197
Hawaii,15,6,1221,13.867321867321868,11.542178542178542
Hawaii,15,7,1180,14.349152542372881,11.943220338983052
Hawaii,15,8,1542,10.980544747081712,9.139429312581063
Hawaii,15,9,1356,12.486725663716815,10.39306784660767
Hawaii,15,10,1325,12.778867924528301,10.63622641509434
Hawaii,15,11,1342,12.61698956780924,10.501490312965723
Hawaii,15,12,1357,12.477523949889463,10.385408990420045
Hawaii,15,13,1425,11.882105263157895,9.88982456140351
Hawaii,15,14,1435,11.799303135888502,9.820905923344947
Hawaii,15,15,1269,13.342789598108746,11.105594956658786
Hawaii,15,16,1109,15.2678088367899,12.707844905320108
Hawaii,15,17,1056,16.03409090909091,13.34564393939394
Hawaii,15,18,1258,13.45945945945946,11.202702702702704
Hawaii,15,19,1354,12.50516986706056,10.408419497784342
Hawaii,15,20,1394,12.146341463414634,10.109756097560975
Hawaii,15,21,1388,12.198847262247838,10.153458213256485
Hawaii,15,22,1522,11.124835742444153,9.259526938239159
Hawaii,15,23,1738,9.74223245109321,8.108745684695052
Hawaii,15,24,1760,9.620454545454546,8.007386363636364
Hawaii,15,25,1700,9.96,8.29
Hawaii,15,26,1752,9.664383561643836,8.043949771689498
Hawaii,15,27,1660,10.2,8.489759036144578
Idaho,16,1,1496,15.830882352941176,13.23596256684492
Idaho,16,2,702,33.736467236467234,28.206552706552706
Idaho,16,3,2320,10.208189655172413,8.534913793103449
Idaho,16,4,1696,13.964033018867925,11.675117924528301
Idaho,16,5,1655,14.309969788519638,11.964350453172205
Idaho,16,6,1394,16.989239598278335,14.204447632711622
Idaho,16,7,1189,19.918418839360807,16.65349032800673
Idaho,16,8,1877,12.617474693660096,10.549280767181672
Idaho,16,9,1544,15.338730569948186,12.824481865284975
Idaho,16,10,1381,17.149167270094136,14.33816075307748
Idaho,16,11,1446,16.378284923928078,13.693637621023512
Idaho,16,12,1368,17.31213450292398,14.474415204678362
Idaho,16,13,1946,12.170092497430627,10.175231243576567
Idaho,16,14,2127,11.134461683121767,9.309355900329102
Idaho,16,15,1906,12.425498426023085,10.388772298006296
Idaho,16,16,1938,12.220330237358102,10.217234262125903
Idaho,16,17,1794,13.201226309921962,11.037346711259755
Idaho,16,18,2378,9.959209419680404,8.326745164003365
Idaho,16,19,2862,8.27498252969951,6.918588399720475
Idaho,16,20,3006,7.878576180971391,6.587159015302728
Idaho,16,21,2654,8.92351168048229,7.460813865862849
Idaho,16,22,2360,10.035169491525425,8.390254237288136
Idaho,16,23,2790,8.48853046594982,7.097132616487455
Idaho,16,24,2540,9.324015748031496,7.795669291338583
Idaho,16,25,2726,8.687820983125459,7.263756419662509
Idaho,16,26,2740,8.643430656934306,7.226642335766424
Idaho,16,27,2690,8.804089219330855,7.360966542750929
Illinois,17,1,1564,22.020460358056265,18.168158567774935
Illinois,17,2,988,34.8582995951417,28.760121457489877
Illinois,17,3,3329,10.345449083808951,8.535596275157705
Illinois,17,4,2353,14.636634084147897,12.076073098172545
Illinois,17,5,2301,14.967405475880053,12.348978704910909
Illinois,17,6,1897,18.1549815498155,14.978914074855034
Illinois,17,7,1768,19.479638009049772,16.07183257918552
Illinois,17,8,2580,13.348837209302326,11.013565891472869
Illinois,17,9,2189,15.733211512105985,12.980813156692554
Illinois,17,10,2004,17.18562874251497,14.179141716566866
Illinois,17,11,2177,15.819935691318328,13.052365640790079
Illinois,17,12,1967,17.508896797153024,14.445856634468734
Illinois,17,13,2685,12.8268156424581,10.582867783985103
Illinois,17,14,2592,13.287037037037036,10.962577160493828
Illinois,17,15,2324,14.819277108433734,12.226764199655767
Illinois,17,16,2333,14.7621088726961,12.1795970852979
Illinois,17,17,2168,15.885608856088561,13.106549815498155
Illinois,17,18,2928,11.762295081967213,9.704576502732241
Illinois,17,19,3642,9.456342668863263,7.802031850631521
Illinois,17,20,3720,9.258064516129032,7.638440860215054
Illinois,17,21,3436,10.023282887077997,8.269790454016299
Illinois,17,22,3384,10.177304964539006,8.396867612293144
Illinois,17,23,3804,9.053627760252366,7.469768664563618
Illinois,17,24,3824,9.006276150627615,7.430700836820083
Illinois,17,25,3898,8.83530015392509,7.289635710620831
Illinois,17,26,3906,8.817204301075268,7.274705581157194
Illinois,17,27,3944,8.732251521298174,7.204614604462475
Indiana,18,1,1165,21.587982832618025,18.4137339055794
Indiana,18,2,727,34.59422283356258,29.507565337001374
Indiana,18,3,2394,10.505430242272347,8.960735171261486
Indiana,18,4,1784,14.097533632286995,12.024663677130045
Indiana,18,5,1913,13.146889702038683,11.213800313643493
Indiana,18,6,1435,17.526132404181183,14.949128919860627
Indiana,18,7,1388,18.119596541786745,15.455331412103746
Indiana,18,8,2004,12.549900199600799,10.704590818363274
Indiana,18,9,1659,15.159734779987945,12.93068113321278
Indiana,18,10,1587,15.847511027095148,13.517328292375552
Indiana,18,11,1680,14.970238095238095,12.769047619047619
Indiana,18,12,1489,16.890530557421087,14.406984553391538
Indiana,18,13,2051,12.262311067771819,10.459288152120916
Indiana,18,14,1941,12.957238536836682,11.052035033487893
Indiana,18,15,1921,13.092139510671526,11.167100468505986
Indiana,18,16,1814,13.86438809261301,11.8257993384785
Indiana,18,17,1798,13.987764182424916,11.931034482758621
Indiana,18,18,2278,11.040386303775241,9.417032484635646
Indiana,18,19,2720,9.246323529411764,7.886764705882353
Indiana,18,20,2684,9.370342771982116,7.992548435171386
Indiana,18,21,2664,9.44069069069069,8.052552552552553
Indiana,18,22,2560,9.82421875,8.3796875
Indiana,18,23,3096,8.123385012919897,6.928940568475452
Indiana,18,24,2962,8.49088453747468,7.2424037812289
Indiana,18,25,2824,8.905807365439093,7.596317280453258
Indiana,18,26,3026,8.311302048909452,7.089226701916722
Indiana,18,27,3092,8.133893919793014,6.937904269081501
Iowa,19,1,1147,17.66346992153444,14.577157802964255
Iowa,19,2,634,31.95583596214511,26.37223974763407
Iowa,19,3,1980,10.232323232323232,8.444444444444445
Iowa,19,4,1583,12.798483891345546,10.562223626026531
Iowa,19,5,1638,12.36874236874237,10.207570207570207
Iowa,19,6,1338,15.142002989536621,12.49626307922272
Iowa,19,7,1309,15.47746371275783,12.77310924369748
Iowa,19,8,1651,12.271350696547547,10.127195639006663
Iowa,19,9,1608,12.599502487562189,10.398009950248756
Iowa,19,10,1421,14.25756509500352,11.766361717100633
Iowa,19,11,1491,13.588195841716969,11.213950368879946
Iowa,19,12,1347,15.04083147735709,12.412769116555308
Iowa,19,13,1678,12.073897497020262,9.9642431466031
Iowa,19,14,1651,12.271350696547547,10.127195639006663
Iowa,19,15,1421,14.25756509500352,11.766361717100633
Iowa,19,16,1407,14.399431414356787,11.883439943141436
Iowa,19,17,1398,14.492131616595136,11.959942775393419
Iowa,19,18,1986,10.201409869083585,8.418932527693856
Iowa,19,19,2418,8.378825475599669,6.914805624483044
Iowa,19,20,2412,8.399668325041459,6.932006633499171
Iowa,19,21,2124,9.538606403013183,7.8719397363465164
Iowa,19,22,1984,10.211693548387096,8.42741935483871
Iowa,19,23,2266,8.940864960282436,7.378640776699029
Iowa,19,24,2464,8.222402597402597,6.785714285714286
Iowa,19,25,2332,8.687821612349914,7.169811320754717
Iowa,19,26,2258,8.972542072630647,7.404782993799823
Iowa,19,27,2328,8.70274914089347,7.18213058419244
Kansas,20,1,1045,21.499521531100477,17.954066985645934
Kansas,20,2,630,35.661904761904765,29.78095238095238
Kansas,20,3,2289,9.815203145478375,8.19659239842726
Kansas,20,4,1680,13.373214285714285,11.167857142857143
Kansas,20,5,1689,13.301953818827709,11.108348134991118
Kansas,20,6,1355,16.58081180811808,13.84649446494465
Kansas,20,7,1170,19.202564102564104,16.035897435897436
Kansas,20,8,1841,12.203693644758284,10.191200434546442
Kansas,20,9,1681,13.365258774538965,11.161213563355146
Kansas,20,10,1512,14.859126984126984,12.408730158730158
Kansas,20,11,1388,16.186599423631122,13.517291066282421
Kansas,20,12,1466,15.32537517053206,12.798090040927695
Kansas,20,13,1824,12.317434210526315,10.286184210526315
Kansas,20,14,1946,11.545220966084276,9.64131551901336
Kansas,20,15,1701,13.208112874779541,11.029982363315696
Kansas,20,16,1608,13.972014925373134,11.667910447761194
Kansas,20,17,1435,15.656445993031358,13.074564459930313
Kansas,20,18,2098,10.708770257387988,8.94280266920877
Kansas,20,19,2534,8.866219415943172,7.404104183109708
Kansas,20,20,2510,8.950996015936255,7.474900398406374
Kansas,20,21,2352,9.552295918367347,7.9770408163265305
Kansas,20,22,2328,9.650773195876289,8.059278350515465
Kansas,20,23,2700,8.321111111111112,6.948888888888889
Kansas,20,24,2548,8.817503924646783,7.363422291993721
Kansas,20,25,2696,8.333456973293769,6.95919881305638
Kansas,20,26,2772,8.104978354978355,6.768398268398268
Kansas,20,27,2806,8.006771204561653,6.6863863150392016
Kentucky,21,1,1145,17.278602620087337,14.593013100436682
Kentucky,21,2,613,32.27406199021207,27.257748776508972
Kentucky,21,3,1870,10.579679144385027,8.935294117647059
Kentucky,21,4,1592,12.42713567839196,10.495603015075377
Kentucky,21,5,1665,11.882282282282283,10.035435435435435
Kentucky,21,6,1353,14.622320768662233,12.34959349593496
Kentucky,21,7,1221,16.2031122031122,13.684684684684685
Kentucky,21,8,1526,12.964613368283093,10.94954128440367
Kentucky,21,9,1558,12.698331193838253,10.724646983311938
Kentucky,21,10,1427,13.86405045550105,11.709180098107918
Kentucky,21,11,1424,13.893258426966293,11.73384831460674
Kentucky,21,12,1428,13.854341736694678,11.700980392156863
Kentucky,21,13,1472,13.440217391304348,11.351222826086957
Kentucky,21,14,1461,13.541409993155373,11.43668720054757
Kentucky,21,15,1341,14.753169276659209,12.460104399701715
Kentucky,21,16,1296,15.265432098765432,12.892746913580247
Kentucky,21,17,1231,16.0714865962632,13.573517465475224
Kentucky,21,18,1594,12.411543287327477,10.482434127979925
Kentucky,21,19,1844,10.728850325379609,9.061279826464208
Kentucky,21,20,1826,10.834611171960569,9.150602409638553
Kentucky,21,21,1776,11.13963963963964,9.40822072072072
Kentucky,21,22,1782,11.10213243546577,9.376543209876543
Kentucky,21,23,2082,9.502401536983669,8.025456292026897
Kentucky,21,24,1944,10.176954732510287,8.595164609053498
Kentucky,21,25,1964,10.073319755600815,8.50763747454175
Kentucky,21,26,1922,10.293444328824142,8.693548387096774
Kentucky,21,27,1864,10.6137339055794,8.964055793991417
Louisiana,22,1,875,21.81942857142857,18.845714285714287
Louisiana,22,2,510,37.43529411764706,32.333333333333336
Louisiana,22,3,1774,10.762119503945884,9.295377677564826
Louisiana,22,4,1528,12.49476439790576,10.791884816753926
Louisiana,22,5,1825,10.461369863013699,9.035616438356165
Louisiana,22,6,1361,14.027920646583395,12.116091109478324
Louisiana,22,7,1183,16.138630600169062,13.939137785291631
Louisiana,22,8,1568,12.176020408163266,10.516581632653061
Louisiana,22,9,1630,11.712883435582823,10.116564417177914
Louisiana,22,10,1535,12.437785016286645,10.742671009771987
Louisiana,22,11,1488,12.830645161290322,11.081989247311828
Louisiana,22,12,1546,12.349288486416558,10.666235446313067
Louisiana,22,13,1461,13.067761806981519,11.286789869952088
Louisiana,22,14,1495,12.77056856187291,11.03010033444816
Louisiana,22,15,1307,14.607498087222647,12.616679418515686
Louisiana,22,16,1304,14.641104294478527,12.645705521472392
Louisiana,22,17,1174,16.262350936967632,14.045996592844974
Louisiana,22,18,1384,13.794797687861271,11.914739884393063
Louisiana,22,19,1664,11.473557692307692,9.90985576923077
Louisiana,22,20,1726,11.061413673232908,9.553881807647741
Louisiana,22,21,1598,11.947434292866083,10.319148936170214
Louisiana,22,22,1642,11.627283800243605,10.042630937880633
Louisiana,22,23,1932,9.881987577639752,8.5351966873706
Louisiana,22,24,1848,10.331168831168831,8.923160173160174
Louisiana,22,25,1828,10.444201312910284,9.020787746170678
Louisiana,22,26,1744,10.947247706422019,9.455275229357799
Louisiana,22,27,1730,11.035838150289017,9.531791907514451
Maine,23,1,1146,12.688481675392671,10.181500872600349
Maine,23,2,608,23.91611842105263,19.19078947368421
Maine,23,3,1547,9.399482870071106,7.542340012928248
Maine,23,4,1361,10.684055841293167,8.573108008817046
Maine,23,5,1469,9.89857045609258,7.9428182437032
Maine,23,6,1144,12.710664335664335,10.1993006993007
Maine,23,7,1051,13.835394862036155,11.101807802093244
Maine,23,8,1223,11.889615699100572,9.540474243663123
Maine,23,9,1278,11.37793427230047,9.129890453834117
Maine,23,10,1328,10.949548192771084,8.786144578313253
Maine,23,11,1119,12.994638069705093,10.42716711349419
Maine,23,12,1042,13.95489443378119,11.197696737044145
Maine,23,13,987,14.732522796352583,11.821681864235055
Maine,23,14,949,15.322444678609061,12.29504741833509
Maine,23,15,869,16.733026467203683,13.42692750287687
Maine,23,16,894,16.26510067114094,13.05145413870246
Maine,23,17,774,18.786821705426355,15.074935400516797
Maine,23,18,1100,13.219090909090909,10.607272727272727
Maine,23,19,1360,10.691911764705882,8.579411764705883
Maine,23,20,1278,11.37793427230047,9.129890453834117
Maine,23,21,1320,11.01590909090909,8.83939393939394
Maine,23,22,1170,12.428205128205128,9.972649572649573
Maine,23,23,1446,10.056016597510373,8.069156293222683
Maine,23,24,1324,10.98262839879154,8.812688821752266
Maine,23,25,1364,10.660557184750733,8.55425219941349
Maine,23,26,1410,10.312765957446809,8.275177304964538
Maine,23,27,1354,10.739290989660265,8.617429837518463
Maryland,24,1,1647,19.04128718882817,15.579842137219186
Maryland,24,2,841,37.29013079667063,30.51129607609988
Maryland,24,3,2690,11.658364312267658,9.53903345724907
Maryland,24,4,2029,15.45638245441104,12.646623952686053
Maryland,24,5,2049,15.305514885309908,12.523182040019522
Maryland,24,6,1608,19.503109452736318,15.957711442786069
Maryland,24,7,1497,20.949231796927187,17.140948563794254
Maryland,24,8,2268,13.827601410934744,11.313932980599647
Maryland,24,9,1890,16.59312169312169,13.576719576719576
Maryland,24,10,1760,17.81875,14.579545454545455
Maryland,24,11,1839,17.053289831430124,13.953235454051114
Maryland,24,12,1794,17.481047937569677,14.303232998885173
Maryland,24,13,2540,12.346850393700787,10.10236220472441
Maryland,24,14,2619,11.974417716685759,9.797632684230623
Maryland,24,15,2282,13.742769500438213,11.244522348816828
Maryland,24,16,2242,13.987957181088314,11.44513826940232
Maryland,24,17,2091,14.998087039693926,12.271640363462458
Maryland,24,18,2778,11.289056875449964,9.23686105111591
Maryland,24,19,3502,8.955168475157054,7.327241576242147
Maryland,24,20,3544,8.849040632054177,7.24040632054176
Maryland,24,21,3328,9.423377403846153,7.710336538461538
Maryland,24,22,3106,10.096909207984545,8.261429491307148
Maryland,24,23,4152,7.553227360308285,6.1801541425818884
Maryland,24,24,3626,8.64892443463872,7.076668505239934
Maryland,24,25,3732,8.403269024651662,6.87566988210075
Maryland,24,26,3682,8.51738185768604,6.969038565996741
Maryland,24,27,3806,8.239884393063583,6.74198633736206
Massachusetts,25,1,1879,20.34007450771687,16.348589675359232
Massachusetts,25,2,1122,34.063279857397504,27.37878787878788
Massachusetts,25,3,3881,9.847719659881474,7.915228034011853
Massachusetts,25,4,2655,14.395103578154426,11.57024482109228
Massachusetts,25,5,2368,16.139780405405407,12.972550675675675
Massachusetts,25,6,2002,19.09040959040959,15.344155844155845
Massachusetts,25,7,1929,19.812856402280975,15.924831518921721
Massachusetts,25,8,2799,13.654519471239729,10.974991068238657
Massachusetts,25,9,2315,16.509287257019437,13.269546436285097
Massachusetts,25,10,2150,17.77627906976744,14.287906976744186
Massachusetts,25,11,2227,17.16165244723844,13.793893129770993
Massachusetts,25,12,2091,18.277857484457197,14.691056910569106
Massachusetts,25,13,3034,12.59690177982861,10.124917600527356
Massachusetts,25,14,2923,13.075265138556277,10.509408142319534
Massachusetts,25,15,2746,13.918062636562272,11.186817188638019
Massachusetts,25,16,2656,14.389683734939759,11.565888554216867
Massachusetts,25,17,2585,14.784912959381044,11.883558994197292
Massachusetts,25,18,3268,11.694920440636475,9.399938800489597
Massachusetts,25,19,4006,9.540439340988517,7.668247628557165
Massachusetts,25,20,4064,9.404281496062993,7.55880905511811
Massachusetts,25,21,3944,9.690415821501015,7.788793103448276
Massachusetts,25,22,3850,9.927012987012986,7.978961038961039
Massachusetts,25,23,4708,8.117884451996602,6.524851316907392
Massachusetts,25,24,4442,8.60400720396218,6.915578568212517
Massachusetts,25,25,4350,8.785977011494253,7.06183908045977
Massachusetts,25,26,4394,8.697997269003187,6.991124260355029
Massachusetts,25,27,4510,8.474279379157428,6.811308203991131
Michigan,26,1,1966,17.040183112919635,14.246693794506612
Michigan,26,2,1140,29.38684210526316,24.569298245614036
Michigan,26,3,3373,9.932107915801957,8.303883782982508
Michigan,26,4,2593,12.919784033937525,10.801774006941766
Michigan,26,5,3048,10.991141732283465,9.189304461942257
Michigan,26,6,2119,15.809815950920246,13.218027371401604
Michigan,26,7,2094,15.998567335243553,13.375835721107928
Michigan,26,8,2677,12.514381770638774,10.46283152782966
Michigan,26,9,2565,13.060818713450292,10.919688109161793
Michigan,26,10,2535,13.215384615384615,11.048915187376727
Michigan,26,11,2552,13.127351097178684,10.975313479623825
Michigan,26,12,2265,14.790728476821192,12.366004415011037
Michigan,26,13,2473,13.546704407602103,11.325919935301254
Michigan,26,14,2386,14.040653813914501,11.738893545683151
Michigan,26,15,2125,15.765176470588235,13.18070588235294
Michigan,26,16,2056,16.294260700389106,13.623054474708171
Michigan,26,17,1837,18.2367991290147,15.247142079477408
Michigan,26,18,2440,13.729918032786886,11.479098360655737
Michigan,26,19,3322,10.08458759783263,8.431366646598434
Michigan,26,20,3422,9.789888953828171,8.184979544126241
Michigan,26,21,3324,10.078519855595667,8.426293622141998
Michigan,26,22,3336,10.042266187050359,8.395983213429256
Michigan,26,23,4100,8.170975609756098,6.831463414634146
Michigan,26,24,3996,8.383633633633634,7.0092592592592595
Michigan,26,25,4020,8.33358208955224,6.967412935323383
Michigan,26,26,4044,8.284124629080118,6.926063303659743
Michigan,26,27,4162,8.04925516578568,6.7296972609322445
Minnesota,27,1,1471,18.905506458191706,15.26716519374575
Minnesota,27,2,844,32.95023696682465,26.60900473933649
Minnesota,27,3,2668,10.423538230884558,8.417541229385307
Minnesota,27,4,1980,14.045454545454545,11.342424242424242
Minnesota,27,5,1897,14.659989457037428,11.838692672641011
Minnesota,27,6,1635,17.009174311926607,13.735779816513762
Minnesota,27,7,1457,19.08716540837337,15.413864104323954
Minnesota,27,8,2287,12.160034980323568,9.819851333624836
Minnesota,27,9,1735,16.028818443804035,12.944092219020172
Minnesota,27,10,1717,16.19685497961561,13.079790331974374
Minnesota,27,11,1686,16.494661921708186,13.320284697508896
Minnesota,27,12,1593,17.45762711864407,14.097928436911488
Minnesota,27,13,2439,11.402214022140221,9.207872078720786
Minnesota,27,14,2433,11.430332922318126,9.230579531442663
Minnesota,27,15,2299,12.096563723357981,9.768595041322314
Minnesota,27,16,2099,13.249166269652216,10.699380657455931
Minnesota,27,17,1985,14.01007556675063,11.313853904282116
Minnesota,27,18,2668,10.423538230884558,8.417541229385307
Minnesota,27,19,3600,7.725,6.238333333333333
Minnesota,27,20,3444,8.074912891986063,6.520905923344948
Minnesota,27,21,3188,8.723337515683815,7.044542032622334
Minnesota,27,22,2922,9.517453798767967,7.685831622176591
Minnesota,27,23,3284,8.468331303288672,6.838611449451888
Minnesota,27,24,3224,8.625930521091812,6.965880893300248
Minnesota,27,25,3324,8.366425992779783,6.756317689530686
Minnesota,27,26,3448,8.06554524361949,6.513341067285383
Minnesota,27,27,3240,8.583333333333334,6.931481481481481
Mississippi,28,1,841,16.975029726516052,14.739595719381688
Mississippi,28,2,531,26.88512241054614,23.34463276836158
Mississippi,28,3,1498,9.530040053404539,8.275033377837117
Mississippi,28,4,1241,11.503626107977437,9.988718775181306
Mississippi,28,5,1408,10.139204545454545,8.803977272727273
Mississippi,28,6,1156,12.349480968858131,10.72318339100346
Mississippi,28,7,971,14.702368692070031,12.766220391349124
Mississippi,28,8,1283,11.127045985970382,9.661730319563523
Mississippi,28,9,1446,9.872752420470263,8.572614107883817
Mississippi,28,10,1235,11.559514170040487,10.037246963562753
Mississippi,28,11,1229,11.615947925142391,10.086248982912938
Mississippi,28,12,1153,12.381613183000868,10.751084128360798
Mississippi,28,13,1256,11.36624203821656,9.869426751592357
Mississippi,28,14,1147,12.446381865736704,10.807323452484743
Mississippi,28,15,1106,12.907775768535263,11.207956600361664
Mississippi,28,16,1032,13.833333333333334,12.011627906976743
Mississippi,28,17,855,16.697076023391812,14.498245614035088
Mississippi,28,18,988,14.449392712550607,12.54655870445344
Mississippi,28,19,1180,12.098305084745762,10.505084745762712
Mississippi,28,20,1168,12.222602739726028,10.613013698630137
Mississippi,28,21,1108,12.884476534296029,11.187725631768952
Mississippi,28,22,1106,12.907775768535263,11.207956600361664
Mississippi,28,23,1332,10.717717717717719,9.306306306306306
Mississippi,28,24,1356,10.52802359882006,9.141592920353983
Mississippi,28,25,1284,11.118380062305295,9.654205607476635
Mississippi,28,26,1284,11.118380062305295,9.654205607476635
Mississippi,28,27,1272,11.223270440251572,9.745283018867925
Missouri,29,1,1156,19.976643598615915,16.614186851211073
Missouri,29,2,659,35.04248861911988,29.144157814871015
Missouri,29,3,2029,11.381468703794972,9.465746673238048
Missouri,29,4,1832,12.605349344978166,10.483624454148472
Missouri,29,5,1643,14.055386488131466,11.689592209373098
Missouri,29,6,1487,15.529926025554808,12.915938130464022
Missouri,29,7,1454,15.882393397524071,13.20907840440165
Missouri,29,8,1804,12.8009977827051,10.646341463414634
Missouri,29,9,1685,13.705044510385756,11.398219584569732
Missouri,29,10,1606,14.37920298879203,11.95890410958904
Missouri,29,11,1734,13.317762399077278,11.076124567474048
Missouri,29,12,1512,15.273148148148149,12.702380952380953
Missouri,29,13,1847,12.502977801840823,10.398484028153764
Missouri,29,14,1823,12.667580910586945,10.535381239714756
Missouri,29,15,1649,14.00424499696786,11.647058823529411
Missouri,29,16,1621,14.246144355336213,11.848241826033313
Missouri,29,17,1504,15.35438829787234,12.769946808510639
Missouri,29,18,1834,12.591603053435115,10.472191930207197
Missouri,29,19,2298,10.04917319408181,8.357702349869452
Missouri,29,20,2264,10.200088339222615,8.48321554770318
Missouri,29,21,2058,11.22108843537415,9.332361516034986
Missouri,29,22,2162,10.681313598519889,8.883441258094358
Missouri,29,23,2652,8.707767722473605,7.242081447963801
Missouri,29,24,2698,8.55930318754633,7.118606375092662
Missouri,29,25,2572,8.978615863141524,7.4673405909797825
Missouri,29,26,2646,8.727513227513228,7.258503401360544
Missouri,29,27,2614,8.834353481254782,7.347360367253252
Montana,30,1,1200,13.814166666666667,11.179166666666667
Montana,30,2,623,26.608346709470304,21.53290529695024
Montana,30,3,1816,9.128303964757709,7.387114537444934
Montana,30,4,1501,11.043970686209194,8.937375083277814
Montana,30,5,1497,11.073480293921175,8.96125584502338
Montana,30,6,1183,14.012679628064243,11.339814032121724
Montana,30,7,1266,13.093996840442339,10.596366508688783
Montana,30,8,1541,10.757300454250487,8.705386112913692
Montana,30,9,1446,11.464038727524205,9.27731673582296
Montana,30,10,1313,12.625285605483626,10.217060167555218
Montana,30,11,1373,12.073561544064093,9.770575382374362
Montana,30,12,1290,12.850387596899225,10.39922480620155
Montana,30,13,1189,13.941968040370059,11.282590412111018
Montana,30,14,1275,13.00156862745098,10.52156862745098
Montana,30,15,1118,14.82737030411449,11.999105545617173
Montana,30,16,1163,14.2536543422184,11.53482373172829
Montana,30,17,1009,16.42913776015857,13.295341922695739
Montana,30,18,1388,11.943083573487032,9.664985590778098
Montana,30,19,1598,10.373591989987485,8.394868585732166
Montana,30,20,1672,9.914473684210526,8.023325358851675
Montana,30,21,1544,10.73639896373057,8.688471502590673
Montana,30,22,1476,11.231029810298104,9.088753387533876
Montana,30,23,1694,9.785714285714286,7.919126328217238
Montana,30,24,1590,10.425786163522012,8.437106918238994
Montana,30,25,1590,10.425786163522012,8.437106918238994
Montana,30,26,1644,10.083333333333334,8.159975669099756
Montana,30,27,1668,9.938249400479616,8.042565947242206
Nebraska,31,1,1136,17.20862676056338,14.43661971830986
Nebraska,31,2,609,32.10016420361248,26.929392446633827
Nebraska,31,3,2032,9.620570866141732,8.070866141732283
Nebraska,31,4,1715,11.398833819241982,9.56268221574344
Nebraska,31,5,1566,12.483397190293742,10.472541507024266
Nebraska,31,6,1284,15.225077881619939,12.77258566978193
Nebraska,31,7,1237,15.803556992724333,13.257881972514147
Nebraska,31,8,1655,11.812084592145014,9.909365558912386
Nebraska,31,9,1526,12.810615989515073,10.747051114023591
Nebraska,31,10,1359,14.384841795437822,12.067696835908757
Nebraska,31,11,1344,14.545386904761905,12.202380952380953
Nebraska,31,12,1415,13.815547703180211,11.590106007067138
Nebraska,31,13,1701,11.49265138154027,9.641387419165197
Nebraska,31,14,1807,10.818483674598783,9.075816270060875
Nebraska,31,15,1510,12.94635761589404,10.860927152317881
Nebraska,31,16,1522,12.844283837056505,10.775295663600525
Nebraska,31,17,1451,13.472777394900069,11.302549965541006
Nebraska,31,18,1818,10.753025302530252,9.02090209020902
Nebraska,31,19,2364,8.269458544839255,6.937394247038917
Nebraska,31,20,2288,8.544143356643357,7.1678321678321675
Nebraska,31,21,2172,9.000460405156538,7.550644567219153
Nebraska,31,22,2070,9.443961352657006,7.9227053140096615
Nebraska,31,23,2336,8.368578767123287,7.02054794520548
Nebraska,31,24,2254,8.673025732031943,7.275953859804791
Nebraska,31,25,2364,8.269458544839255,6.937394247038917
Nebraska,31,26,2210,8.845701357466064,7.420814479638009
Nebraska,31,27,2370,8.248523206751054,6.919831223628692
Nevada,32,1,1164,20.983676975945016,18.02319587628866
Nevada,32,2,679,35.9720176730486,30.896907216494846
Nevada,32,3,2126,11.488711194731891,9.86782690498589
Nevada,32,4,1667,14.652069586082783,12.58488302339532
Nevada,32,5,1871,13.054516301443078,11.212720470336718
Nevada,32,6,1254,19.47767145135566,16.729665071770334
Nevada,32,7,1291,18.919442292796283,16.250193648334623
Nevada,32,8,1839,13.281674823273518,11.407830342577487
Nevada,32,9,1581,15.449082858950032,13.269449715370019
Nevada,32,10,1481,16.49223497636732,14.165428764348412
Nevada,32,11,1453,16.8100481761872,14.438403303509979
Nevada,32,12,1487,16.425689307330195,14.10827168796234
Nevada,32,13,1912,12.774581589958158,10.972280334728033
Nevada,32,14,1910,12.787958115183246,10.983769633507853
Nevada,32,15,1672,14.608253588516746,12.54724880382775
Nevada,32,16,1566,15.5970625798212,13.39655172413793
Nevada,32,17,1429,17.092372288313506,14.680895731280616
Nevada,32,18,1860,13.131720430107526,11.279032258064516
Nevada,32,19,2400,10.177083333333334,8.74125
Nevada,32,20,2544,9.601022012578616,8.246462264150944
Nevada,32,21,2380,10.262605042016807,8.814705882352941
Nevada,32,22,2334,10.464867180805484,8.988431876606684
Nevada,32,23,2728,8.953445747800586,7.69024926686217
Nevada,32,24,2680,9.113805970149254,7.8279850746268655
Nevada,32,25,2612,9.351071975497703,8.031776416539051
Nevada,32,26,2554,9.563429913860611,8.2141738449491
Nevada,32,27,2560,9.541015625,8.194921875
New Hampshire,33,1,1373,14.19373634377276,11.529497450837582
New Hampshire,33,2,744,26.193548387096776,21.276881720430108
New Hampshire,33,3,1971,9.887366818873668,8.031456113647895
New Hampshire,33,4,1637,11.90470372632865,9.670128283445326
New Hampshire,33,5,1553,12.548615582743079,10.193174500965872
New Hampshire,33,6,1210,16.105785123966943,13.082644628099173
New Hampshire,33,7,1179,16.529262086513995,13.42663273960984
New Hampshire,33,8,1411,13.811481218993622,11.218993621545003
New Hampshire,33,9,1550,12.572903225806451,10.212903225806452
New Hampshire,33,10,1278,15.248826291079812,12.386541471048513
New Hampshire,33,11,1372,14.204081632653061,11.537900874635568
New Hampshire,33,12,1322,14.741301059001513,11.97428139183056
New Hampshire,33,13,1477,13.19431279620853,10.717670954637779
New Hampshire,33,14,1618,12.04449938195303,9.783683559950557
New Hampshire,33,15,1436,13.571030640668523,11.02367688022284
New Hampshire,33,16,1433,13.599441730635032,11.04675505931612
New Hampshire,33,17,1145,17.02008733624454,13.825327510917031
New Hampshire,33,18,1782,10.936026936026936,8.88327721661055
New Hampshire,33,19,2058,9.46938775510204,7.691933916423713
New Hampshire,33,20,2104,9.262357414448669,7.523764258555133
New Hampshire,33,21,2142,9.098039215686274,7.390289449112979
New Hampshire,33,22,1912,10.192468619246862,8.27928870292887
New Hampshire,33,23,2548,7.648351648351649,6.212715855572998
New Hampshire,33,24,2416,8.066225165562914,6.552152317880795
New Hampshire,33,25,2292,8.502617801047121,6.906631762652705
New Hampshire,33,26,2300,8.47304347826087,6.8826086956521735
New Hampshire,33,27,2388,8.160804020100503,6.6289782244556115
New Jersey,34,1,1369,20.243243243243242,16.526661796932068
New Jersey,34,2,777,35.666666666666664,29.11840411840412
New Jersey,34,3,2684,10.325260804769002,8.429582712369598
New Jersey,34,4,1927,14.381421899325376,11.741048261546446
New Jersey,34,5,1942,14.270339855818744,11.650360453141092
New Jersey,34,6,1476,18.775745257452574,15.32859078590786
New Jersey,34,7,1529,18.124918247220407,14.797253106605625
New Jersey,34,8,2021,13.712518555170707,11.19495299356754
New Jersey,34,9,1736,15.963709677419354,13.03283410138249
New Jersey,34,10,1681,16.48602022605592,13.459250446162999
New Jersey,34,11,1746,15.872279495990837,12.958190148911799
New Jersey,34,12,1583,17.506632975363235,14.292482627921668
New Jersey,34,13,2209,12.545495699411498,10.242191036668176
New Jersey,34,14,2216,12.50586642599278,10.209837545126353
New Jersey,34,15,1922,14.418834547346513,11.77159209157128
New Jersey,34,16,1929,14.366511145671332,11.728875064800414
New Jersey,34,17,1693,16.369167158889546,13.363851151801535
New Jersey,34,18,2144,12.925839552238806,10.552705223880597
New Jersey,34,19,2762,10.033671252715424,8.191527878349023
New Jersey,34,20,2526,10.971100554235946,8.956848772763262
New Jersey,34,21,2572,10.774883359253499,8.796656298600311
New Jersey,34,22,2854,9.710231254379817,7.927470217238963
New Jersey,34,23,3340,8.297305389221556,6.773952095808383
New Jersey,34,24,3110,8.910932475884245,7.27491961414791
New Jersey,34,25,3372,8.218564650059312,6.709667852906287
New Jersey,34,26,3452,8.028099652375435,6.554171494785631
New Jersey,34,27,3346,8.282426778242678,6.761805140466229
New Mexico,35,1,1272,21.224056603773583,18.08569182389937
New Mexico,35,2,719,37.54798331015299,31.995827538247568
New Mexico,35,3,2085,12.94820143884892,11.03357314148681
New Mexico,35,4,1582,17.06510745891277,14.5417193426043
New Mexico,35,5,1734,15.569204152249135,13.267012687427913
New Mexico,35,6,1280,21.09140625,17.97265625
New Mexico,35,7,1172,23.034982935153582,19.628839590443686
New Mexico,35,8,1809,14.923714759535654,12.716970702045328
New Mexico,35,9,1451,18.60578911095796,15.854583046175051
New Mexico,35,10,1475,18.303050847457627,15.596610169491525
New Mexico,35,11,1536,17.576171875,14.977213541666666
New Mexico,35,12,1270,21.25748031496063,18.114173228346456
New Mexico,35,13,1650,16.361818181818183,13.942424242424243
New Mexico,35,14,1784,15.132847533632287,12.89517937219731
New Mexico,35,15,1551,17.406189555125724,14.832366215344939
New Mexico,35,16,1547,17.451195862960567,14.870717517776342
New Mexico,35,17,1483,18.204315576534054,15.512474713418746
New Mexico,35,18,2294,11.768526591107236,10.028334786399302
New Mexico,35,19,2860,9.43951048951049,8.043706293706293
New Mexico,35,20,2720,9.925367647058824,8.457720588235293
New Mexico,35,21,2738,9.860116873630387,8.402118334550767
New Mexico,35,22,2732,9.881771595900439,8.420571010248901
New Mexico,35,23,3238,8.337554045707227,7.104694255713404
New Mexico,35,24,3316,8.141435464414958,6.9375753920386005
New Mexico,35,25,3370,8.010979228486647,6.826409495548962
New Mexico,35,26,3408,7.921654929577465,6.750293427230047
New Mexico,35,27,3362,8.030041641879833,6.8426531826293875
New York,36,1,1698,18.925795053003533,15.742049469964664
New York,36,2,1052,30.547528517110266,25.40874524714829
New York,36,3,3103,10.356429262004513,8.614244279729295
New York,36,4,2184,14.714285714285714,12.239010989010989
New York,36,5,2397,13.406758448060074,11.151439299123904
New York,36,6,1788,17.973154362416107,14.949664429530202
New York,36,7,1804,17.813747228381374,14.817073170731707
New York,36,8,2327,13.810055865921788,11.486892995272884
New York,36,9,2190,14.673972602739726,12.205479452054794
New York,36,10,2080,15.45,12.850961538461538
New York,36,11,2117,15.179971658006613,12.626358053849787
New York,36,12,1995,16.108270676691728,13.398496240601503
New York,36,13,2338,13.74508126603935,11.432848588537212
New York,36,14,2415,13.306832298136646,11.06832298136646
New York,36,15,2135,15.051990632318502,12.519906323185012
New York,36,16,2123,15.137070183702308,12.590673575129534
New York,36,17,1939,16.573491490459,13.785456420835482
New York,36,18,2350,13.674893617021276,11.374468085106383
New York,36,19,2752,11.67732558139535,9.712936046511627
New York,36,20,2992,10.740641711229946,8.933823529411764
New York,36,21,2768,11.609826589595375,9.656791907514451
New York,36,22,2720,11.814705882352941,9.827205882352942
New York,36,23,3254,9.875845113706207,8.214505224339275
New York,36,24,3232,9.943069306930694,8.270420792079207
New York,36,25,2946,10.908350305498981,9.073319755600815
New York,36,26,3074,10.45413142485361,8.695510735198438
New York,36,27,3000,10.712,8.91
North Carolina,37,1,1409,17.097941802696948,13.977998580553583
North Carolina,37,2,810,29.741975308641976,24.314814814814813
North Carolina,37,3,2402,10.029558701082431,8.199417152373023
North Carolina,37,4,1893,12.72636027469625,10.404120443740094
North Carolina,37,5,2084,11.559980806142034,9.450575815738963
North Carolina,37,6,1665,14.46906906906907,11.82882882882883
North Carolina,37,7,1524,15.80774278215223,12.923228346456693
North Carolina,37,8,2063,11.677653902084343,9.546776539020843
North Carolina,37,9,1935,12.450129198966408,10.178294573643411
North Carolina,37,10,1770,13.610734463276836,11.127118644067796
North Carolina,37,11,1748,13.782036613272311,11.267162471395881
North Carolina,37,12,1654,14.565296251511487,11.907496977025392
North Carolina,37,13,1806,13.339424141749722,10.90531561461794
North Carolina,37,14,1816,13.265969162995594,10.845264317180616
North Carolina,37,15,1608,14.981965174129353,12.248134328358208
North Carolina,37,16,1393,17.294328786791098,14.138549892318737
North Carolina,37,17,1320,18.250757575757575,14.920454545454545
North Carolina,37,18,1758,13.703640500568829,11.203071672354948
North Carolina,37,19,2392,10.071488294314381,8.233695652173912
North Carolina,37,20,2326,10.357265692175408,8.467325881341358
North Carolina,37,21,2330,10.339484978540773,8.452789699570815
North Carolina,37,22,2320,10.384051724137931,8.489224137931034
North Carolina,37,23,2828,8.518741159830268,6.964285714285714
North Carolina,37,24,2682,8.982475764354959,7.343400447427293
North Carolina,37,25,2636,9.139226100151745,7.47154779969651
North Carolina,37,26,2726,8.837490829053559,7.224871606749817
North Carolina,37,27,2570,9.373929961089495,7.663424124513619
North Dakota,38,1,782,13.690537084398978,11.358056265984654
North Dakota,38,2,360,29.738888888888887,24.67222222222222
North Dakota,38,3,1108,9.66245487364621,8.016245487364621
North Dakota,38,4,1003,10.673978065802592,8.85543369890329
North Dakota,38,5,1006,10.642147117296222,8.829025844930417
North Dakota,38,6,884,12.110859728506787,10.047511312217194
North Dakota,38,7,597,17.932998324958124,14.877721943048575
North Dakota,38,8,813,13.168511685116851,10.924969249692497
North Dakota,38,9,894,11.975391498881432,9.935123042505593
North Dakota,38,10,884,12.110859728506787,10.047511312217194
North Dakota,38,11,912,11.739035087719298,9.739035087719298
North Dakota,38,12,868,12.334101382488479,10.232718894009217
North Dakota,38,13,995,10.759798994974874,8.926633165829145
North Dakota,38,14,1073,9.977632805219011,8.277726001863932
North Dakota,38,15,993,10.78147029204431,8.944612286002014
North Dakota,38,16,935,11.450267379679145,9.499465240641712
North Dakota,38,17,945,11.32910052910053,9.398941798941799
North Dakota,38,18,1166,9.181818181818182,7.617495711835335
North Dakota,38,19,1370,7.814598540145985,6.483211678832117
North Dakota,38,20,1446,7.403872752420471,6.142461964038728
North Dakota,38,21,1202,8.906821963394343,7.389351081530782
North Dakota,38,22,1176,9.103741496598639,7.552721088435374
North Dakota,38,23,1238,8.647819063004846,7.174474959612278
North Dakota,38,24,1304,8.210122699386503,6.811349693251533
North Dakota,38,25,1210,8.84793388429752,7.340495867768595
North Dakota,38,26,1334,8.025487256371814,6.658170914542729
North Dakota,38,27,1222,8.761047463175123,7.268412438625204
Ohio,39,1,1299,16.844495765973825,14.301770592763665
Ohio,39,2,710,30.81830985915493,26.166197183098593
Ohio,39,3,2104,10.399714828897338,8.829847908745247
Ohio,39,4,1818,12.035753575357536,10.218921892189218
Ohio,39,5,1905,11.486089238845144,9.75223097112861
Ohio,39,6,1614,13.557001239157373,11.510532837670384
Ohio,39,7,1201,18.218984179850125,15.468776019983347
Ohio,39,8,1794,12.196767001114827,10.355629877369008
Ohio,39,9,1796,12.183184855233852,10.344097995545656
Ohio,39,10,1631,13.415695892090742,11.390557939914164
Ohio,39,11,1702,12.85605170387779,10.91539365452409
Ohio,39,12,1664,13.149639423076923,11.164663461538462
Ohio,39,13,1664,13.149639423076923,11.164663461538462
Ohio,39,14,1693,12.924394565859421,10.973419964559953
Ohio,39,15,1459,14.997258396161754,12.733379026730637
Ohio,39,16,1333,16.414853713428357,13.936984246061515
Ohio,39,17,1300,16.83153846153846,14.29076923076923
Ohio,39,18,1736,12.60426267281106,10.701612903225806
Ohio,39,19,2078,10.529836381135707,8.940327237728585
Ohio,39,20,2266,9.656222418358341,8.198587819947043
Ohio,39,21,2068,10.580754352030947,8.983558994197292
Ohio,39,22,2090,10.469377990430623,8.888995215311004
Ohio,39,23,2432,8.997121710526315,7.638980263157895
Ohio,39,24,2302,9.505212858384015,8.070373588184188
Ohio,39,25,2290,9.555021834061135,8.112663755458515
Ohio,39,26,2350,9.311063829787233,7.905531914893617
Ohio,39,27,2304,9.496961805555555,8.063368055555555
Oklahoma,40,1,987,21.577507598784194,18.244174265450862
Oklahoma,40,2,562,37.895017793594306,32.04092526690391
Oklahoma,40,3,1830,11.637704918032787,9.839890710382514
Oklahoma,40,4,1612,13.211538461538462,11.170595533498759
Oklahoma,40,5,1651,12.899454875832829,10.906723198061782
Oklahoma,40,6,1484,14.351078167115903,12.134097035040432
Oklahoma,40,7,1004,21.21215139442231,17.935258964143426
Oklahoma,40,8,1568,13.582270408163266,11.48405612244898
Oklahoma,40,9,1537,13.856213402732596,11.715679895901106
Oklahoma,40,10,1452,14.667355371900827,12.401515151515152
Oklahoma,40,11,1519,14.020408163265307,11.854509545753785
Oklahoma,40,12,1530,13.919607843137255,11.769281045751635
Oklahoma,40,13,1674,12.722222222222221,10.756869772998805
Oklahoma,40,14,1694,12.572018890200708,10.62987012987013
Oklahoma,40,15,1580,13.479113924050633,11.396835443037975
Oklahoma,40,16,1480,14.389864864864865,12.166891891891892
Oklahoma,40,17,1395,15.266666666666667,12.908243727598567
Oklahoma,40,18,1638,13.001831501831502,10.993284493284493
Oklahoma,40,19,2200,9.680454545454545,8.185
Oklahoma,40,20,2068,10.298355899419729,8.707446808510639
Oklahoma,40,21,2032,10.480807086614174,8.861712598425196
Oklahoma,40,22,2012,10.584990059642147,8.949801192842942
Oklahoma,40,23,2304,9.243489583333334,7.815538194444445
Oklahoma,40,24,2084,10.219289827255277,8.640595009596929
Oklahoma,40,25,2178,9.778236914600551,8.267676767676768
Oklahoma,40,26,2188,9.733546617915906,8.229890310786105
Oklahoma,40,27,2056,10.358463035019454,8.758268482490273
Oregon,41,1,1642,22.345919610231427,18.80572472594397
Oregon,41,2,896,40.950892857142854,34.463169642857146
Oregon,41,3,3082,11.90525632706035,10.019143413367942
Oregon,41,4,2073,17.69995176073324,14.895803183791607
Oregon,41,5,2029,18.0837851158206,15.218827008378511
Oregon,41,6,1692,21.685579196217493,18.25
Oregon,41,7,1213,30.24896949711459,25.45671887881286
Oregon,41,8,2477,14.813080339119903,12.466289866774323
Oregon,41,9,1892,19.39323467230444,16.320824524312897
Oregon,41,10,1711,21.444769140853303,18.047340736411456
Oregon,41,11,1704,21.53286384976526,18.121478873239436
Oregon,41,12,1548,23.702842377260982,19.947674418604652
Oregon,41,13,2611,14.052853312906933,11.826503255457679
Oregon,41,14,2680,13.691044776119403,11.522014925373135
Oregon,41,15,2623,13.988562714449104,11.77239801753717
Oregon,41,16,2590,14.166795366795366,11.922393822393822
Oregon,41,17,2459,14.921512810085401,12.557543716958113
Oregon,41,18,3170,11.574763406940063,9.741009463722397
Oregon,41,19,3798,9.660874144286467,8.130331753554502
Oregon,41,20,3820,9.605235602094242,8.083507853403141
Oregon,41,21,3610,10.16398891966759,8.553739612188366
Oregon,41,22,3388,10.829988193624557,9.1142266824085
Oregon,41,23,3968,9.246975806451612,7.782006048387097
Oregon,41,24,3732,9.831725616291532,8.27411575562701
Oregon,41,25,3784,9.69661733615222,8.160412262156449
Oregon,41,26,3846,9.540301612064482,8.028861154446178
Oregon,41,27,3576,10.260626398210292,8.63506711409396
Pennsylvania,42,1,1837,18.86009798584649,15.835057158410452
Pennsylvania,42,2,1053,32.902184235517566,27.624881291547958
Pennsylvania,42,3,3206,10.806612601372427,9.073300062383032
Pennsylvania,42,4,2410,14.375933609958507,12.0701244813278
Pennsylvania,42,5,2392,14.484113712374581,12.160953177257525
Pennsylvania,42,6,2039,16.99166257969593,14.266307013241786
Pennsylvania,42,7,1783,19.431295569265284,16.314638250140213
Pennsylvania,42,8,2574,13.45998445998446,11.301087801087801
Pennsylvania,42,9,2389,14.502302218501464,12.176224361657598
Pennsylvania,42,10,2167,15.988001845869865,13.423627134287033
Pennsylvania,42,11,2233,15.515450067174205,13.026869682042095
Pennsylvania,42,12,2150,16.114418604651163,13.529767441860464
Pennsylvania,42,13,2731,12.686195532771878,10.65140974002197
Pennsylvania,42,14,2632,13.163373860182372,11.052051671732523
Pennsylvania,42,15,2274,15.23570800351803,12.791996481970097
Pennsylvania,42,16,2215,15.641534988713317,13.132731376975169
Pennsylvania,42,17,2034,17.033431661750246,14.301376597836775
Pennsylvania,42,18,2840,12.199295774647887,10.242605633802818
Pennsylvania,42,19,3588,9.656075808249721,8.107302118171683
Pennsylvania,42,20,3724,9.30343716433942,7.811224489795919
Pennsylvania,42,21,3722,9.30843632455669,7.815421816227834
Pennsylvania,42,22,3326,10.416716776909201,8.74594107035478
Pennsylvania,42,23,4082,8.4875061244488,7.126163645271926
Pennsylvania,42,24,3828,9.050679205851619,7.599007314524556
Pennsylvania,42,25,3916,8.84729315628192,7.428243105209397
Pennsylvania,42,26,3940,8.793401015228426,7.382994923857868
Pennsylvania,42,27,4076,8.5,7.136653581943081
Rhode Island,44,1,904,17.298672566371682,13.875
Rhode Island,44,2,523,29.90057361376673,23.982791586998086
Rhode Island,44,3,1775,8.810140845070423,7.066478873239436
Rhode Island,44,4,1420,11.012676056338028,8.833098591549296
Rhode Island,44,5,1538,10.16775032509753,8.155396618985696
Rhode Island,44,6,1209,12.934656741108354,10.37468982630273
Rhode Island,44,7,985,15.876142131979696,12.734010152284265
Rhode Island,44,8,1380,11.331884057971015,9.089130434782609
Rhode Island,44,9,1370,11.414598540145985,9.155474452554744
Rhode Island,44,10,1278,12.236306729264475,9.814553990610328
Rhode Island,44,11,1338,11.687593423019432,9.374439461883409
Rhode Island,44,12,1212,12.902640264026402,10.349009900990099
Rhode Island,44,13,1116,14.012544802867383,11.239247311827956
Rhode Island,44,14,1068,14.642322097378278,11.74438202247191
Rhode Island,44,15,1033,15.138431752178121,12.142303969022265
Rhode Island,44,16,981,15.940876656472987,12.785932721712538
Rhode Island,44,17,966,16.18840579710145,12.98447204968944
Rhode Island,44,18,1262,12.391442155309033,9.938985736925515
Rhode Island,44,19,1542,10.141374837872892,8.134241245136186
Rhode Island,44,20,1586,9.860025220680958,7.908575031525851
Rhode Island,44,21,1494,10.467202141900938,8.39558232931727
Rhode Island,44,22,1478,10.580514208389715,8.486468200270636
Rhode Island,44,23,1598,9.785982478097623,7.84918648310388
Rhode Island,44,24,1554,10.063063063063064,8.071428571428571
Rhode Island,44,25,1526,10.247706422018348,8.219528178243774
Rhode Island,44,26,1620,9.653086419753086,7.742592592592593
Rhode Island,44,27,1500,10.425333333333333,8.362
South Carolina,45,1,1231,15.688870836718115,13.082047116165718
South Carolina,45,2,642,30.082554517133957,25.08411214953271
South Carolina,45,3,1802,10.717536071032187,8.936736958934517
South Carolina,45,4,1598,12.085732165206508,10.077596996245306
South Carolina,45,5,1762,10.960839954597049,9.139614074914869
South Carolina,45,6,1457,13.25531914893617,11.052848318462594
South Carolina,45,7,1087,17.767249310027598,14.81508739650414
South Carolina,45,8,1644,11.747566909975669,9.795620437956204
South Carolina,45,9,1706,11.32063305978898,9.439624853458382
South Carolina,45,10,1574,12.270012706480305,10.23125794155019
South Carolina,45,11,1541,12.532770927968851,10.45035691109669
South Carolina,45,12,1451,13.31013094417643,11.09855272226051
South Carolina,45,13,1549,12.468043899289864,10.396384764364106
South Carolina,45,14,1680,11.495833333333334,9.585714285714285
South Carolina,45,15,1454,13.282668500687757,11.075653370013756
South Carolina,45,16,1380,13.994927536231884,11.669565217391304
South Carolina,45,17,1243,15.537409493161705,12.955752212389381
South Carolina,45,18,1608,12.010572139303482,10.014925373134329
South Carolina,45,19,1946,9.924460431654676,8.275436793422404
South Carolina,45,20,1986,9.724572004028197,8.108761329305135
South Carolina,45,21,1878,10.28381256656017,8.575079872204473
South Carolina,45,22,1950,9.904102564102564,8.258461538461539
South Carolina,45,23,2380,8.114705882352942,6.766386554621849
South Carolina,45,24,2300,8.396956521739131,7.001739130434783
South Carolina,45,25,2088,9.249521072796934,7.712643678160919
South Carolina,45,26,2324,8.310240963855422,6.929432013769363
South Carolina,45,27,2178,8.86730945821855,7.393939393939394
South Dakota,46,1,652,19.328220858895705,15.677914110429448
South Dakota,46,2,370,34.05945945945946,27.627027027027026
South Dakota,46,3,1267,9.946329913180742,8.067876874506709
South Dakota,46,4,1164,10.826460481099657,8.781786941580757
South Dakota,46,5,1084,11.625461254612546,9.42988929889299
South Dakota,46,6,967,13.03205791106515,10.570837642192348
South Dakota,46,7,655,19.23969465648855,15.606106870229008
South Dakota,46,8,1002,12.57684630738523,10.201596806387226
South Dakota,46,9,1001,12.589410589410589,10.211788211788212
South Dakota,46,10,971,12.9783728115345,10.527291452111225
South Dakota,46,11,1040,12.117307692307692,9.828846153846154
South Dakota,46,12,978,12.885480572597137,10.451942740286299
South Dakota,46,13,1084,11.625461254612546,9.42988929889299
South Dakota,46,14,1214,10.380560131795717,8.420098846787479
South Dakota,46,15,1130,11.152212389380532,9.046017699115044
South Dakota,46,16,1089,11.57208448117539,9.386593204775023
South Dakota,46,17,1071,11.766573295985062,9.544351073762838
South Dakota,46,18,1294,9.738794435857805,7.8995363214837715
South Dakota,46,19,1588,7.935768261964736,6.437027707808564
South Dakota,46,20,1482,8.503373819163293,6.897435897435898
South Dakota,46,21,1398,9.014306151645208,7.311874105865522
South Dakota,46,22,1402,8.988587731811698,7.291012838801712
South Dakota,46,23,1524,8.269028871391075,6.707349081364829
South Dakota,46,24,1466,8.596180081855389,6.9727148703956345
South Dakota,46,25,1582,7.965865992414665,6.461441213653603
South Dakota,46,26,1588,7.935768261964736,6.437027707808564
South Dakota,46,27,1430,8.812587412587412,7.148251748251749
Tennessee,47,1,1202,18.949251247920134,16.000831946755408
Tennessee,47,2,731,31.158686730506155,26.310533515731873
Tennessee,47,3,2167,10.510844485463775,8.875403784033226
Tennessee,47,4,1760,12.941477272727273,10.927840909090909
Tennessee,47,5,1880,12.115425531914894,10.23031914893617
Tennessee,47,6,1567,14.535417996171027,12.273771537970644
Tennessee,47,7,1207,18.870753935376968,15.934548467274233
Tennessee,47,8,1881,12.108984582668793,10.224880382775119
Tennessee,47,9,1831,12.439650464227197,10.50409612233752
Tennessee,47,10,1658,13.737635705669481,11.600120627261761
Tennessee,47,11,1717,13.265579499126384,11.201514269073966
Tennessee,47,12,1537,14.819128171763175,12.513337670787248
Tennessee,47,13,1848,12.32521645021645,10.407467532467532
Tennessee,47,14,1822,12.501097694840833,10.555982436882546
Tennessee,47,15,1587,14.352236925015752,12.119092627599244
Tennessee,47,16,1561,14.591287636130685,12.320948110185778
Tennessee,47,17,1485,15.338047138047138,12.951515151515151
Tennessee,47,18,1904,11.962710084033613,10.101365546218487
Tennessee,47,19,2322,9.809216192937123,8.282945736434108
Tennessee,47,20,2242,10.159232827832293,8.578501338090991
Tennessee,47,21,2160,10.544907407407408,8.904166666666667
Tennessee,47,22,2244,10.15017825311943,8.570855614973262
Tennessee,47,23,2468,9.228930307941653,7.792949756888168
Tennessee,47,24,2490,9.147389558232932,7.724096385542168
Tennessee,47,25,2358,9.659457167090755,8.15648854961832
Tennessee,47,26,2336,9.750428082191782,8.233304794520548
Tennessee,47,27,2294,9.928945074106364,8.38404533565824
Texas,48,1,3469,20.9786682040934,17.67800518881522
Texas,48,2,1998,36.42392392392392,30.693193193193192
Texas,48,3,6474,11.241118319431573,9.472505406240346
Texas,48,4,5012,14.520151636073424,12.235634477254589
Texas,48,5,5372,13.547096053611318,11.415673864482502
Texas,48,6,4343,16.75685010361501,14.120423670274004
Texas,48,7,3898,18.66983068240123,15.73242688558235
Texas,48,8,5890,12.355687606112054,10.411714770797962
Texas,48,9,5665,12.846425419240953,10.825242718446601
Texas,48,10,4721,15.415166278330862,12.989832662571489
Texas,48,11,4658,15.623658222413052,13.165521683125805
Texas,48,12,4669,15.586849432426645,13.134504176483187
Texas,48,13,5520,13.183876811594203,11.109601449275363
Texas,48,14,5497,13.23903947607786,11.156085137347644
Texas,48,15,4927,14.770651512076315,12.446722143292064
Texas,48,16,4632,15.71135578583765,13.239421416234888
Texas,48,17,4232,17.196361058601134,14.49078449905482
Texas,48,18,5604,12.986259814418272,10.943076374018558
Texas,48,19,6816,10.677083333333334,8.997212441314554
Texas,48,20,7196,10.113257365202891,8.522095608671485
Texas,48,21,6738,10.800682695161768,9.101365390323538
Texas,48,22,7160,10.164106145251397,8.564944134078212
Texas,48,23,8446,8.616504854368932,7.260833530665404
Texas,48,24,8288,8.780767374517374,7.39925193050193
Texas,48,25,8502,8.55975064690661,7.213008703834392
Texas,48,26,8910,8.167789001122335,6.882716049382716
Texas,48,27,8220,8.853406326034063,7.4604622871046224
Utah,49,1,1883,19.51035581518853,16.45246946362188
Utah,49,2,933,39.37620578778135,33.20471596998928
Utah,49,3,3492,10.52061855670103,8.871706758304697
Utah,49,4,2054,17.88607594936709,15.082765335929892
Utah,49,5,2181,16.844566712517192,14.204493351673545
Utah,49,6,1898,19.356164383561644,16.322444678609063
Utah,49,7,1149,31.973890339425587,26.962576153176677
Utah,49,8,2956,12.42828146143437,10.480378890392423
Utah,49,9,2207,16.646125962845492,14.03715450838242
Utah,49,10,1922,19.11446409989594,16.11862643080125
Utah,49,11,1756,20.92141230068337,17.64236902050114
Utah,49,12,1628,22.566339066339065,19.029484029484028
Utah,49,13,3013,12.19316296050448,10.282110852970462
Utah,49,14,3184,11.538316582914574,9.729899497487438
Utah,49,15,2899,12.672645739910314,10.686443601241807
Utah,49,16,2933,12.525741561541084,10.56256392771906
Utah,49,17,2865,12.823036649214659,10.81326352530541
Utah,49,18,4398,8.353342428376536,7.044110959527058
Utah,49,19,4910,7.482281059063136,6.3095723014256615
Utah,49,20,4288,8.567630597014926,7.224813432835821
Utah,49,21,4236,8.672804532577903,7.313503305004722
Utah,49,22,4170,8.810071942446044,7.429256594724221
Utah,49,23,4628,7.938202247191011,6.694036300777873
Utah,49,24,4160,8.83125,7.447115384615385
Utah,49,25,4274,8.59569489939167,7.248479176415536
Utah,49,26,4214,8.718082581869957,7.351684859990508
Utah,49,27,4144,8.86534749034749,7.475868725868726
Vermont,50,1,1057,14.463576158940397,11.64333017975402
Vermont,50,2,567,26.962962962962962,21.705467372134038
Vermont,50,3,1509,10.131212723658052,8.155732273028496
Vermont,50,4,1058,14.449905482041588,11.632325141776938
Vermont,50,5,1098,13.923497267759563,11.20856102003643
Vermont,50,6,953,16.041972717733472,12.913955928646379
Vermont,50,7,756,20.22222222222222,16.27910052910053
Vermont,50,8,1087,14.064397424103037,11.32198712051518
Vermont,50,9,1128,13.553191489361701,10.910460992907801
Vermont,50,10,933,16.385852090032156,13.190782422293676
Vermont,50,11,880,17.37272727272727,13.985227272727272
Vermont,50,12,976,15.663934426229508,12.609631147540984
Vermont,50,13,1162,13.156626506024097,10.591222030981067
Vermont,50,14,1243,12.299275945293644,9.901045856798069
Vermont,50,15,1135,13.469603524229075,10.843171806167401
Vermont,50,16,1083,14.11634349030471,11.363804247460758
Vermont,50,17,984,15.536585365853659,12.507113821138212
Vermont,50,18,1256,12.171974522292993,9.79856687898089
Vermont,50,19,1752,8.726027397260275,7.024543378995434
Vermont,50,20,1742,8.776119402985074,7.064867967853043
Vermont,50,21,1696,9.014150943396226,7.256485849056604
Vermont,50,22,1398,10.935622317596566,8.803290414878397
Vermont,50,23,1806,8.465116279069768,6.814507198228129
Vermont,50,24,1598,9.566958698372966,7.701501877346684
Vermont,50,25,1566,9.762452107279694,7.858876117496807
Vermont,50,26,1710,8.940350877192982,7.197076023391813
Vermont,50,27,1670,9.154491017964071,7.369461077844312
Virginia,51,1,1901,16.993687532877434,14.075223566543924
Virginia,51,2,1025,31.517073170731706,26.10439024390244
Virginia,51,3,3109,10.39080090061113,8.606304277902863
Virginia,51,4,2205,14.65079365079365,12.13469387755102
Virginia,51,5,2239,14.428316212594908,11.950424296560964
Virginia,51,6,1718,18.80384167636787,15.574505238649593
Virginia,51,7,1533,21.073059360730593,17.454011741682976
Virginia,51,8,2429,13.29971181556196,11.015644298065048
Virginia,51,9,2081,15.523786641037962,12.857760691975011
Virginia,51,10,1914,16.87826541274817,13.97962382445141
Virginia,51,11,1934,16.70372285418821,13.835056876938987
Virginia,51,12,1790,18.047486033519554,14.94804469273743
Virginia,51,13,2758,11.713197969543147,9.701595358955766
Virginia,51,14,2719,11.881206325855095,9.840750275836704
Virginia,51,15,2463,13.116118554608201,10.863580998781973
Virginia,51,16,2297,14.063996517196344,11.64867218110579
Virginia,51,17,2149,15.03257328990228,12.450907398790134
Virginia,51,18,2960,10.91385135135135,9.039527027027027
Virginia,51,19,3310,9.759818731117825,8.08368580060423
Virginia,51,20,3378,9.563351095322677,7.920959147424512
Virginia,51,21,3520,9.177556818181818,7.601420454545455
Virginia,51,22,3438,9.396451425247237,7.782722513089006
Virginia,51,23,4066,7.94515494343335,6.580668962124938
Virginia,51,24,4038,8.000247647350173,6.6263001485884105
Virginia,51,25,4172,7.743288590604027,6.413470757430489
Virginia,51,26,4202,7.688005711565921,6.367682056163732
Virginia,51,27,4084,7.910137120470127,6.551665034280117
Washington,53,1,2540,19.82716535433071,16.716141732283464
Washington,53,2,1334,37.75187406296852,31.828335832083958
Washington,53,3,4204,11.979305423406279,10.099666983824928
Washington,53,4,2955,17.04263959390863,14.368527918781727
Washington,53,5,3022,16.664791528788882,14.049966909331568
Washington,53,6,2322,21.688630490956072,18.285529715762273
Washington,53,7,1896,26.561708860759495,22.393987341772153
Washington,53,8,3236,15.56273176761434,13.120828182941903
Washington,53,9,2751,18.306434023991276,15.4340239912759
Washington,53,10,2644,19.047276853252647,16.058623298033282
Washington,53,11,2501,20.136345461815274,16.976809276289483
Washington,53,12,2384,21.124580536912752,17.80998322147651
Washington,53,13,3694,13.633188955062263,11.494044396318355
Washington,53,14,3888,12.952932098765432,10.920524691358025
Washington,53,15,3675,13.703673469387756,11.553469387755102
Washington,53,16,3615,13.931120331950208,11.745228215767634
Washington,53,17,3387,14.868910540301151,12.535872453498671
Washington,53,18,4428,11.37330623306233,9.588753387533876
Washington,53,19,5332,9.445048762190547,7.963053263315829
Washington,53,20,5496,9.1632096069869,7.725436681222708
Washington,53,21,5104,9.866967084639498,8.318769592476489
Washington,53,22,4874,10.33258104226508,8.711325400082067
Washington,53,23,5804,8.676946933149551,7.315472088215024
Washington,53,24,5446,9.247337495409475,7.796364304076386
Washington,53,25,5720,8.804370629370629,7.422902097902098
Washington,53,26,5592,9.005901287553648,7.592811158798283
Washington,53,27,5534,9.100289121792555,7.6723888688109865
West Virginia,54,1,940,16.99148936170213,14.65531914893617
West Virginia,54,2,565,28.269026548672567,24.382300884955754
West Virginia,54,3,1496,10.676470588235293,9.20855614973262
West Virginia,54,4,1209,13.21091811414392,11.394540942928039
West Virginia,54,5,1298,12.305084745762711,10.613251155624036
West Virginia,54,6,1201,13.298917568692756,11.470441298917569
West Virginia,54,7,826,19.336561743341406,16.677966101694917
West Virginia,54,8,1111,14.376237623762377,12.3996399639964
West Virginia,54,9,1181,13.524132091447925,11.664690939881456
West Virginia,54,10,1189,13.43313708999159,11.586206896551724
West Virginia,54,11,1155,13.82857142857143,11.927272727272728
West Virginia,54,12,1110,14.389189189189189,12.41081081081081
West Virginia,54,13,1067,14.969072164948454,12.910965323336457
West Virginia,54,14,1156,13.816608996539792,11.916955017301039
West Virginia,54,15,1018,15.68958742632613,13.532416502946955
West Virginia,54,16,951,16.79495268138801,14.485804416403786
West Virginia,54,17,978,16.33128834355828,14.085889570552148
West Virginia,54,18,1212,13.178217821782178,11.366336633663366
West Virginia,54,19,1612,9.90818858560794,8.54590570719603
West Virginia,54,20,1516,10.535620052770449,9.08707124010554
West Virginia,54,21,1642,9.727161997563947,8.389768574908649
West Virginia,54,22,1568,10.186224489795919,8.785714285714286
West Virginia,54,23,1788,8.93288590604027,7.704697986577181
West Virginia,54,24,1726,9.253765932792584,7.981460023174971
West Virginia,54,25,1624,9.834975369458128,8.482758620689655
West Virginia,54,26,1660,9.621686746987951,8.298795180722891
West Virginia,54,27,1494,10.690763052208835,9.220883534136545
Wisconsin,55,1,1228,17.428338762214985,14.414495114006515
Wisconsin,55,2,682,31.381231671554254,25.954545454545453
Wisconsin,55,3,2123,10.081017428167687,8.337729627885068
Wisconsin,55,4,1606,13.326276463262765,11.021793275217933
Wisconsin,55,5,1782,12.01010101010101,9.933221099887767
Wisconsin,55,6,1469,14.569094622191967,12.049693669162696
Wisconsin,55,7,1014,21.106508875739646,17.456607495069033
Wisconsin,55,8,1658,12.90832328106152,10.67611580217129
Wisconsin,55,9,1673,12.792588164973102,10.580394500896594
Wisconsin,55,10,1488,14.383064516129032,11.895833333333334
Wisconsin,55,11,1597,13.401377582968065,11.083907326236695
Wisconsin,55,12,1401,15.276231263383298,12.634546752319771
Wisconsin,55,13,1713,12.493870402802102,10.333333333333334
Wisconsin,55,14,1761,12.153321976149915,10.051675184554231
Wisconsin,55,15,1569,13.640535372848948,11.281708094327596
Wisconsin,55,16,1608,13.309701492537313,11.008084577114428
Wisconsin,55,17,1510,14.173509933774834,11.72251655629139
Wisconsin,55,18,1942,11.020597322348095,9.114830072090628
Wisconsin,55,19,2556,8.373239436619718,6.92527386541471
Wisconsin,55,20,2536,8.439274447949527,6.979889589905363
Wisconsin,55,21,2204,9.710526315789474,8.03130671506352
Wisconsin,55,22,2136,10.019662921348315,8.286985018726591
Wisconsin,55,23,2526,8.47268408551069,7.007521773555028
Wisconsin,55,24,2538,8.432624113475176,6.974389282899921
Wisconsin,55,25,2484,8.615942028985508,7.126006441223833
Wisconsin,55,26,2406,8.895261845386534,7.357024106400665
Wisconsin,55,27,2432,8.80016447368421,7.278371710526316
Wyoming,56,1,766,17.174934725848566,14.308093994778067
Wyoming,56,2,422,31.175355450236967,25.971563981042653
Wyoming,56,3,1415,9.297526501766784,7.745583038869258
Wyoming,56,4,1095,12.01461187214612,10.009132420091325
Wyoming,56,5,1151,11.430060816681147,9.522154648132059
Wyoming,56,6,904,14.553097345132743,12.123893805309734
Wyoming,56,7,656,20.054878048780488,16.70731707317073
Wyoming,56,8,1091,12.05866177818515,10.04582951420715
Wyoming,56,9,999,13.16916916916917,10.97097097097097
Wyoming,56,10,886,14.848758465011286,12.370203160270881
Wyoming,56,11,997,13.195586760280843,10.992978936810431
Wyoming,56,12,897,14.666666666666666,12.21850613154961
Wyoming,56,13,1154,11.400346620450607,9.49740034662045
Wyoming,56,14,1088,12.091911764705882,10.073529411764707
Wyoming,56,15,1003,13.116650049850449,10.927218344965105
Wyoming,56,16,1035,12.71111111111111,10.58937198067633
Wyoming,56,17,1016,12.948818897637794,10.78740157480315
Wyoming,56,18,1334,9.862068965517242,8.215892053973013
Wyoming,56,19,1652,7.963680387409201,6.634382566585956
Wyoming,56,20,1514,8.689564068692206,7.239101717305152
Wyoming,56,21,1440,9.136111111111111,7.611111111111111
Wyoming,56,22,1296,10.151234567901234,8.45679012345679
Wyoming,56,23,1520,8.655263157894737,7.2105263157894735
Wyoming,56,24,1436,9.161559888579387,7.632311977715878
Wyoming,56,25,1408,9.34375,7.784090909090909
Wyoming,56,26,1484,8.865229110512129,7.38544474393531
Wyoming,56,27,1474,8.925373134328359,7.435549525101764
